name,permalink,gender,feedGender,images,feedProductId,brandName,feedBrandName,categoryName,feedCategoryName,modelingName,available,sizeType,feedSizes,ageGroup,feedAgeGroup,strongBrandName,strongCategoryType,strongCategoryName,strongSubcategoryName,strongModelName,strongModelingName,weightStyle,sizeSystem,useStrongModeling,barcodes,availableSizes
vestido midi decote transpassado,https://shop.skazioficial.com/280400,female,female,https://d30sy8gjh472q7.cloudfront.net/Custom/Content/Products/28/04/280400_vestido-midi-decote-transpassado-442005493_z1_639083779342736144.webp,280400,Skazi,Skazi,CORPO TODO,UNDEFINED,CORPO TODO (F),true,,PP|P|M|G|GG,adult,adult,,clothes,,,,,0.0,BR,false,,PP|P|M|G|GG
top corset em renda,https://shop.skazioficial.com/289225,female,female,https://d30sy8gjh472q7.cloudfront.net/Custom/Content/Products/28/92/289225_top-corset-em-renda-462000584_z1_639083732063373159.webp,289225,Skazi,Skazi,SUPERIOR,UNDEFINED,SUPERIOR (F) ,true,,PP|P|M|G,adult,adult,,clothes,,,,,0.0,BR,false,,PP|P|M|G
jaqueta jeans manga baloon,https://shop.skazioficial.com/289184,female,female,https://d30sy8gjh472q7.cloudfront.net/Custom/Content/Products/28/91/289184_jaqueta-jeans-manga-baloon-322000347_z1_639083728343169146.webp,289184,Skazi,Skazi,UNDEFINED,UNDEFINED,,true,,36|38|40|42|44,adult,adult,,,,,,,0.0,BR,false,,
vestido midi decote costas,https://shop.skazioficial.com/290830,female,female,https://d30sy8gjh472q7.cloudfront.net/Custom/Content/Products/29/08/290830_vestido-midi-decote-costas-442005825_z1_639083723385251537.webp,290830,Skazi,Skazi,CORPO TODO,UNDEFINED,CORPO TODO (F),true,,PP|P|M|G,adult,adult,,clothes,,,,,0.0,BR,false,,PP|P|M|G
blusa gola renda vazada,https://shop.skazioficial.com/281259,female,female,https://d30sy8gjh472q7.cloudfront.net/Custom/Content/Products/28/12/281259_blusa-gola-renda-vazada-362001927_z1_639083769145089082.webp,281259,Skazi,Skazi,SUPERIOR,UNDEFINED,SUPERIOR (F) ,true,,PP|P|M|G,adult,adult,,clothes,,,,,0.0,BR,false,,PP|P|M|G
conjunto ella,https://shop.skazioficial.com/289252,female,female,https://d30sy8gjh472q7.cloudfront.net/Custom/Content/Products/28/92/289252_conjunto-ella-2222001538_z1_639083733886573505.webp,289252,Skazi,Skazi,CORPO TODO,UNDEFINED,CORPO TODO (F),true,,PP|P|M|G,adult,adult,,clothes,,,,,0.0,BR,false,,PP|P|M|G
macacao alfaiataria botao conchas,https://shop.skazioficial.com/280619,female,female,https://d30sy8gjh472q7.cloudfront.net/Custom/Content/Products/28/06/280619_macacao-alfaiataria-botao-conchas-542001211_z1_639083785669926265.webp,280619,Skazi,Skazi,CORPO TODO,UNDEFINED,CORPO TODO (F),true,,PP|P|M|G|GG,adult,adult,,clothes,,,,,0.0,BR,false,,PP|P|M|G|GG
top corselet,https://shop.skazioficial.com/287668,female,female,https://d30sy8gjh472q7.cloudfront.net/Custom/Content/Products/28/76/287668_top-corselet-462000583_z1_639083717904555131.webp,287668,Skazi,Skazi,SUPERIOR,UNDEFINED,SUPERIOR (F) ,true,,PP|P|M|G|GG,adult,adult,,clothes,,,,,0.0,BR,false,,PP|P|M|G|GG
camisa cut out,https://shop.skazioficial.com/280200,female,female,https://d30sy8gjh472q7.cloudfront.net/Custom/Content/Products/28/02/280200_camisa-cut-out-302000623_z1_639083774414128402.webp,280200,Skazi,Skazi,UNDEFINED,UNDEFINED,,true,,PP|P|M|G|GG,adult,adult,,,,,,,0.0,BR,false,,
vestido midi  entremeios,https://shop.skazioficial.com/283895,female,female,https://d30sy8gjh472q7.cloudfront.net/Custom/Content/Products/28/38/283895_vestido-midi-entremeios-442005628_z1_639083763717074021.webp,283895,Skazi,Skazi,CORPO TODO,UNDEFINED,CORPO TODO (F),true,,PP|P|M|G,adult,adult,,clothes,,,,,0.0,BR,false,,PP|P|M|G
macaquinho transpasse frontal,https://shop.skazioficial.com/289230,female,female,https://d30sy8gjh472q7.cloudfront.net/Custom/Content/Products/28/92/289230_macaquinho-transpasse-frontal-542001247_z1_639083732320109174.webp,289230,Skazi,Skazi,UNDEFINED,UNDEFINED,,true,,PP|P|M|G,adult,adult,,,,,,,0.0,BR,false,,
vestido curto sobreposicao,https://shop.skazioficial.com/286617,female,female,https://d30sy8gjh472q7.cloudfront.net/Custom/Content/Products/28/66/286617_vestido-curto-sobreposicao-442005632_z1_639051175109277836.webp,286617,Skazi,Skazi,CORPO TODO,UNDEFINED,CORPO TODO (F),true,,PP|P|M|G,adult,adult,,clothes,,,,,0.0,BR,false,,PP|P|M|G
conjunto bordado richelieu,https://shop.skazioficial.com/280664,female,female,https://d30sy8gjh472q7.cloudfront.net/Custom/Content/Products/28/06/280664_conjunto-bordado-richelieu-2222001434_z1_639083787096455673.webp,280664,Skazi,Skazi,CORPO TODO,UNDEFINED,CORPO TODO (F),true,,PP|P|M|G|GG,adult,adult,,clothes,,,,,0.0,BR,false,,PP|P|M|G|GG
blusa degage,https://shop.skazioficial.com/290816,female,female,https://d30sy8gjh472q7.cloudfront.net/Custom/Content/Products/29/08/290816_blusa-degage-362002045_z1_639083722028103089.webp,290816,Skazi,Skazi,SUPERIOR,UNDEFINED,SUPERIOR (F) ,true,,PP|P|M|G,adult,adult,,clothes,,,,,0.0,BR,false,,PP|P|M|G
vestido camadas flor 3d,https://shop.skazioficial.com/280030,female,female,https://d30sy8gjh472q7.cloudfront.net/Custom/Content/Products/28/00/280030_vestido-camadas-flor-3d-442005478_z1_639083778311081951.webp,280030,Skazi,Skazi,CORPO TODO,UNDEFINED,CORPO TODO (F),true,,PP|P|M|G|GG,adult,adult,,clothes,,,,,0.0,BR,false,,PP|P|M|G|GG
vestido curto bordado folhas,https://shop.skazioficial.com/286648,female,female,https://d30sy8gjh472q7.cloudfront.net/Custom/Content/Products/28/66/286648_vestido-curto-bordado-folhas-442005643_z1_639083742977795519.webp,286648,Skazi,Skazi,CORPO TODO,UNDEFINED,CORPO TODO (F),true,,PP|P|M|G,adult,adult,,clothes,,,,,0.0,BR,false,,PP|P|M|G
conjunto blusa e saia safari,https://shop.skazioficial.com/281125,female,female,https://d30sy8gjh472q7.cloudfront.net/Custom/Content/Products/28/11/281125_conjunto-blusa-e-saia-safari-2222001416_z1_639083772572797824.webp,281125,Skazi,Skazi,INFERIOR,UNDEFINED,INFERIOR (F) ,true,,PP|P|M|G,adult,adult,,clothes,,,,,0.0,BR,false,,PP|P|M|G
shorts alfaiataria  bolsos cargo,https://shop.skazioficial.com/283837,female,female,https://d30sy8gjh472q7.cloudfront.net/Custom/Content/Products/28/38/283837_shorts-alfaiataria-bolsos-cargo-62000422_z1_639083759299480954.webp,283837,Skazi,Skazi,INFERIOR,UNDEFINED,INFERIOR (F) ,true,,PP|P|M|G,adult,adult,,clothes,,,,,0.0,BR,false,,PP|P|M|G
saia midi  fenda,https://shop.skazioficial.com/280173,female,female,https://d30sy8gjh472q7.cloudfront.net/Custom/Content/Products/28/01/280173_saia-midi-fenda-82001488_z1_639083773700862918.webp,280173,Skazi,Skazi,INFERIOR,UNDEFINED,INFERIOR (F) ,true,,PP|P|M|G|GG,adult,adult,,clothes,,,,,0.0,BR,false,,PP|P|M|G|GG
blusa manga detalhe em renda,https://shop.skazioficial.com/289195,female,female,https://d30sy8gjh472q7.cloudfront.net/Custom/Content/Products/28/91/289195_blusa-manga-detalhe-em-renda-362002023_z1_639083728828771538.webp,289195,Skazi,Skazi,SUPERIOR,UNDEFINED,SUPERIOR (F) ,true,,PP|P|M|G,adult,adult,,clothes,,,,,0.0,BR,false,,PP|P|M|G
blusa ombro so em crepe plissado,https://shop.skazioficial.com/280589,female,female,https://d30sy8gjh472q7.cloudfront.net/Custom/Content/Products/28/05/280589_blusa-ombro-so-em-crepe-plissado-462000568_z1_639083784501660827.webp,280589,Skazi,Skazi,SUPERIOR,UNDEFINED,SUPERIOR (F) ,true,,PP|P|M|G|GG,adult,adult,,clothes,,,,,0.0,BR,false,,PP|P|M|G|GG
vestido renda geometrico,https://shop.skazioficial.com/283865,female,female,https://d30sy8gjh472q7.cloudfront.net/Custom/Content/Products/28/38/283865_vestido-renda-geometrico-442005590_z1_639083760814863463.webp,283865,Skazi,Skazi,TRICOT,UNDEFINED,TRICOT (F),true,,PP|P|M|G,adult,adult,,clothes,,,,,0.0,BR,false,,PP|P|M|G
jaqueta bomber,https://shop.skazioficial.com/290783,female,female,https://d30sy8gjh472q7.cloudfront.net/Custom/Content/Products/29/07/290783_jaqueta-bomber-322000349_z1_639083719842242231.webp,290783,Skazi,Skazi,UNDEFINED,UNDEFINED,,true,,PP|P|M|G,adult,adult,,,,,,,0.0,BR,false,,
jaqueta alfaiataria mescla,https://shop.skazioficial.com/289183,female,female,https://d30sy8gjh472q7.cloudfront.net/Custom/Content/Products/28/91/289183_jaqueta-alfaiataria-mescla-322000346_z1_639083728062218990.webp,289183,Skazi,Skazi,UNDEFINED,UNDEFINED,,true,,PP|P|M|G,adult,adult,,,,,,,0.0,BR,false,,
vestido longo halter listras,https://shop.skazioficial.com/288050,female,female,https://d30sy8gjh472q7.cloudfront.net/Custom/Content/Products/28/80/288050_vestido-longo-halter-listras-442005672_z1_639083734985125372.webp,288050,Skazi,Skazi,CORPO TODO,UNDEFINED,CORPO TODO (F),true,,PP|P|M|G,adult,adult,,clothes,,,,,0.0,BR,false,,PP|P|M|G
conjunto top saia algodao praiano,https://shop.skazioficial.com/280068,female,female,https://d30sy8gjh472q7.cloudfront.net/Custom/Content/Products/28/00/280068_conjunto-top-saia-algodao-praiano-2222001433_z1_639083786947358137.webp,280068,Skazi,Skazi,INFERIOR,UNDEFINED,INFERIOR (F) ,true,,PP|P|M|G|GG,adult,adult,,clothes,,,,,0.0,BR,false,,PP|P|M|G|GG
saia midi tricot gode,https://shop.skazioficial.com/280181,female,female,https://d30sy8gjh472q7.cloudfront.net/Custom/Content/Products/28/01/280181_saia-midi-tricot-gode-82001493_z1_639083774045768096.webp,280181,Skazi,Skazi,TRICOT,UNDEFINED,TRICOT (F),true,,PP|P|M|G|GG,adult,adult,,clothes,,,,,0.0,BR,false,,PP|P|M|G|GG
vestido tela bordada,https://shop.skazioficial.com/283884,female,female,https://d30sy8gjh472q7.cloudfront.net/Custom/Content/Products/28/38/283884_vestido-tela-bordada-442005624_z2_639083763162909758.webp,283884,Skazi,Skazi,CORPO TODO,UNDEFINED,CORPO TODO (F),true,,PP|P|M|G,adult,adult,,clothes,,,,,0.0,BR,false,,PP|P|M|G
vestido longo jersey drapeado,https://shop.skazioficial.com/283877,female,female,https://d30sy8gjh472q7.cloudfront.net/Custom/Content/Products/28/38/283877_vestido-longo-jersey-drapeado-442005597_z1_639083761751219228.webp,283877,Skazi,Skazi,CORPO TODO,UNDEFINED,CORPO TODO (F),true,,PP|P|M|G,adult,adult,,clothes,,,,,0.0,BR,false,,PP|P|M|G
vestido maxi midi fenda,https://shop.skazioficial.com/283876,female,female,https://d30sy8gjh472q7.cloudfront.net/Custom/Content/Products/28/38/283876_vestido-maxi-midi-fenda-442005595_z1_639083761519497705.webp,283876,Skazi,Skazi,CORPO TODO,UNDEFINED,CORPO TODO (F),true,,PP|P|M|G,adult,adult,,clothes,,,,,0.0,BR,false,,PP|P|M|G
vestido midi linho argolas,https://shop.skazioficial.com/283875,female,female,https://d30sy8gjh472q7.cloudfront.net/Custom/Content/Products/28/38/283875_vestido-midi-linho-argolas-442005594_z1_639083761281018615.webp,283875,Skazi,Skazi,CORPO TODO,UNDEFINED,CORPO TODO (F),true,,PP|P|M|G,adult,adult,,clothes,,,,,0.0,BR,false,,PP|P|M|G
vestido maxi midi frente unica,https://shop.skazioficial.com/280566,female,female,https://d30sy8gjh472q7.cloudfront.net/Custom/Content/Products/28/05/280566_vestido-maxi-midi-frente-unica-442005576_z1_639083783902562801.webp,280566,Skazi,Skazi,CORPO TODO,UNDEFINED,CORPO TODO (F),true,,PP|P|M|G|GG,adult,adult,,clothes,,,,,0.0,BR,false,,PP|P|M|G|GG
vestido longo bordado paetes,https://shop.skazioficial.com/280545,female,female,https://d30sy8gjh472q7.cloudfront.net/Custom/Content/Products/28/05/280545_vestido-longo-bordado-paetes-442005554_z1_639083783689236715.webp,280545,Skazi,Skazi,CORPO TODO,UNDEFINED,CORPO TODO (F),true,,PP|P|M|G|GG,adult,adult,,clothes,,,,,0.0,BR,false,,PP|P|M|G|GG
vestido decote faixa flor,https://shop.skazioficial.com/280024,female,female,https://d30sy8gjh472q7.cloudfront.net/Custom/Content/Products/28/00/280024_vestido-decote-faixa-flor-442005476_z1_639083777940570474.webp,280024,Skazi,Skazi,CORPO TODO,UNDEFINED,CORPO TODO (F),true,,PP|P|M|G|GG,adult,adult,,clothes,,,,,0.0,BR,false,,PP|P|M|G|GG
conjunto cherry,https://shop.skazioficial.com/273163,female,female,https://d30sy8gjh472q7.cloudfront.net/Custom/Content/Products/27/31/273163_conjunto-cherry-2222001386_z1_639070179080666454.webp,273163,Skazi,Skazi,CORPO TODO,UNDEFINED,CORPO TODO (F),true,,PP|P|M|G,adult,adult,,clothes,,,,,0.0,BR,false,,PP|P|M|G
vestido decote laco,https://shop.skazioficial.com/273273,female,female,https://d30sy8gjh472q7.cloudfront.net/Custom/Content/Products/27/32/273273_vestido-decote-laco-442005415_z2_639070171185340151.webp,273273,Skazi,Skazi,CORPO TODO,UNDEFINED,CORPO TODO (F),true,,PP|P|M|G,adult,adult,,clothes,,,,,0.0,BR,false,,PP|P|M|G
blusa manga balone,https://shop.skazioficial.com/290800,female,female,https://d30sy8gjh472q7.cloudfront.net/Custom/Content/Products/29/08/290800_blusa-manga-balone-362002029_z1_639083720974876221.webp,290800,Skazi,Skazi,SUPERIOR,UNDEFINED,SUPERIOR (F) ,true,,PP|P|M|G,adult,adult,,clothes,,,,,0.0,BR,false,,PP|P|M|G
regata tricot essenza,https://shop.skazioficial.com/290854,female,female,https://d30sy8gjh472q7.cloudfront.net/Custom/Content/Products/29/08/290854_regata-tricot-essenza-462000587_z1_639083725098329573.webp,290854,Skazi,Skazi,TRICOT,UNDEFINED,TRICOT (F),true,,PP|P|M|G,adult,adult,,clothes,,,,,0.0,BR,false,,PP|P|M|G
saia midi plissada,https://shop.skazioficial.com/280179,female,female,https://d30sy8gjh472q7.cloudfront.net/Custom/Content/Products/28/01/280179_saia-midi-plissada-82001489_z1_639083773853537573.webp,280179,Skazi,Skazi,INFERIOR,UNDEFINED,INFERIOR (F) ,true,,PP|P|M|G|GG,adult,adult,,clothes,,,,,0.0,BR,false,,PP|P|M|G|GG
conjunto blusa e short-saia bordado,https://shop.skazioficial.com/286688,female,female,https://d30sy8gjh472q7.cloudfront.net/Custom/Content/Products/28/66/286688_conjunto-blusa-e-short-saia-bordado-2222001509_z1_639083745496672205.webp,286688,Skazi,Skazi,INFERIOR,UNDEFINED,INFERIOR (F) ,true,,PP|P|M|G,adult,adult,,clothes,,,,,0.0,BR,false,,PP|P|M|G
vestido babados,https://shop.skazioficial.com/280423,female,female,https://d30sy8gjh472q7.cloudfront.net/Custom/Content/Products/28/04/280423_vestido-babados-442005505_z1_639083780161039401.webp,280423,Skazi,Skazi,CORPO TODO,UNDEFINED,CORPO TODO (F),true,,PP|P|M|G|GG,adult,adult,,clothes,,,,,0.0,BR,false,,PP|P|M|G|GG
blusa tricot com mangas bordadas,https://shop.skazioficial.com/280319,female,female,https://d30sy8gjh472q7.cloudfront.net/Custom/Content/Products/28/03/280319_blusa-tricot-com-mangas-bordadas-362001963_z1_639083777269595453.webp,280319,Skazi,Skazi,TRICOT,UNDEFINED,TRICOT (F),true,,PP|P|M|G|GG,adult,adult,,clothes,,,,,0.0,BR,false,,PP|P|M|G|GG
blusa manga vazada,https://shop.skazioficial.com/283849,female,female,https://d30sy8gjh472q7.cloudfront.net/Custom/Content/Products/28/38/283849_blusa-manga-vazada-362001973_z1_639083760046542936.webp,283849,Skazi,Skazi,SUPERIOR,UNDEFINED,SUPERIOR (F) ,true,,PP|P|M|G,adult,adult,,clothes,,,,,0.0,BR,false,,PP|P|M|G
conjunto alfaiataria mescla,https://shop.skazioficial.com/289246,female,female,https://d30sy8gjh472q7.cloudfront.net/Custom/Content/Products/28/92/289246_conjunto-alfaiataria-mescla-2222001535_z1_639083733333637666.webp,289246,Skazi,Skazi,CORPO TODO,UNDEFINED,CORPO TODO (F),true,,PP|P|M|G,adult,adult,,clothes,,,,,0.0,BR,false,,PP|P|M|G
vestido midi bordado folhagem,https://shop.skazioficial.com/289219,female,female,https://d30sy8gjh472q7.cloudfront.net/Custom/Content/Products/28/92/289219_vestido-midi-bordado-folhagem-442005815_z5_639051109416694647.webp,289219,Skazi,Skazi,CORPO TODO,UNDEFINED,CORPO TODO (F),true,,PP|P|M|G,adult,adult,,clothes,,,,,0.0,BR,false,,PP|P|M|G
macacao bordado folhagem,https://shop.skazioficial.com/289235,female,female,https://d30sy8gjh472q7.cloudfront.net/Custom/Content/Products/28/92/289235_macacao-bordado-folhagem-542001248_z1_639083732548448889.webp,289235,Skazi,Skazi,CORPO TODO,UNDEFINED,CORPO TODO (F),true,,PP|P|M|G,adult,adult,,clothes,,,,,0.0,BR,false,,PP|P|M|G
blusa tricot ombro so,https://shop.skazioficial.com/280249,female,female,https://d30sy8gjh472q7.cloudfront.net/Custom/Content/Products/28/02/280249_blusa-tricot-ombro-so-362001947_z1_639083776460227851.webp,280249,Skazi,Skazi,TRICOT,UNDEFINED,TRICOT (F),true,,PP|P|M|G|GG,adult,adult,,clothes,,,,,0.0,BR,false,,PP|P|M|G|GG
calca reta detalhe bolsos,https://shop.skazioficial.com/289178,female,female,https://d30sy8gjh472q7.cloudfront.net/Custom/Content/Products/28/91/289178_calca-reta-detalhe-bolsos-22001353_z1_639083727803113810.webp,289178,Skazi,Skazi,INFERIOR,UNDEFINED,INFERIOR (F) ,true,,PP|P|M|G,adult,adult,,clothes,,,,,0.0,BR,false,,PP|P|M|G
jaqueta manga bordada,https://shop.skazioficial.com/290788,female,female,https://d30sy8gjh472q7.cloudfront.net/Custom/Content/Products/29/07/290788_jaqueta-manga-bordada-322000350_z1_639083720093857273.webp,290788,Skazi,Skazi,UNDEFINED,UNDEFINED,,true,,PP|P|M|G,adult,adult,,,,,,,0.0,BR,false,,
top tricot cruzado,https://shop.skazioficial.com/280050,female,female,https://d30sy8gjh472q7.cloudfront.net/Custom/Content/Products/28/00/280050_top-tricot-cruzado-462000571_z1_639083784674702170.webp,280050,Skazi,Skazi,TRICOT,UNDEFINED,TRICOT (F),true,,PP|P|M|G|GG,adult,adult,,clothes,,,,,0.0,BR,false,,PP|P|M|G|GG
vestido curto jabout,https://shop.skazioficial.com/280407,female,female,https://d30sy8gjh472q7.cloudfront.net/Custom/Content/Products/28/04/280407_vestido-curto-jabout-442005498_z1_639083779483857058.webp,280407,Skazi,Skazi,CORPO TODO,UNDEFINED,CORPO TODO (F),true,,PP|P|M|G|GG,adult,adult,,clothes,,,,,0.0,BR,false,,PP|P|M|G|GG
calca cenoura satin,https://shop.skazioficial.com/277359,female,female,https://d30sy8gjh472q7.cloudfront.net/Custom/Content/Products/27/73/277359_calca-cenoura-satin-22001303_z1_639083793220611641.webp,277359,Skazi,Skazi,INFERIOR,UNDEFINED,INFERIOR (F) ,true,,PP|P|M|G,adult,adult,,clothes,,,,,0.0,BR,false,,PP|P|M|G
vestido midi um ombro so,https://shop.skazioficial.com/288051,female,female,https://d30sy8gjh472q7.cloudfront.net/Custom/Content/Products/28/80/288051_vestido-midi-um-ombro-so-442005673_z1_639083735166564166.webp,288051,Skazi,Skazi,CORPO TODO,UNDEFINED,CORPO TODO (F),true,,PP|P|M|G,adult,adult,,clothes,,,,,0.0,BR,false,,PP|P|M|G
vestido midi decote cruzado,https://shop.skazioficial.com/283880,female,female,https://d30sy8gjh472q7.cloudfront.net/Custom/Content/Products/28/38/283880_vestido-midi-decote-cruzado-442005600_z1_639083762329907089.webp,283880,Skazi,Skazi,CORPO TODO,UNDEFINED,CORPO TODO (F),true,,PP|P|M|G,adult,adult,,clothes,,,,,0.0,BR,false,,PP|P|M|G
jaqueta jeans balone,https://shop.skazioficial.com/290793,female,female,https://d30sy8gjh472q7.cloudfront.net/Custom/Content/Products/29/07/290793_jaqueta-jeans-balone-322000351_z1_639083720332975273.webp,290793,Skazi,Skazi,UNDEFINED,UNDEFINED,,true,,36|38|40|42,adult,adult,,,,,,,0.0,BR,false,,
camiseta lenco estampado,https://shop.skazioficial.com/283855,female,female,https://d30sy8gjh472q7.cloudfront.net/Custom/Content/Products/28/38/283855_camiseta-lenco-estampado-362001975_z1_639083760452824087.webp,283855,Skazi,Skazi,UNDEFINED,UNDEFINED,,true,,PP|P|M|G,adult,adult,,,,,,,0.0,BR,false,,
blusa bordado cristais,https://shop.skazioficial.com/280242,female,female,https://d30sy8gjh472q7.cloudfront.net/Custom/Content/Products/28/02/280242_blusa-bordado-cristais-362001943_z1_639083776094654256.webp,280242,Skazi,Skazi,SUPERIOR,UNDEFINED,SUPERIOR (F) ,true,,PP|P|M|G|GG,adult,adult,,clothes,,,,,0.0,BR,false,,PP|P|M|G|GG
blusa gola alta pingente concha,https://shop.skazioficial.com/285107,female,female,https://d30sy8gjh472q7.cloudfront.net/Custom/Content/Products/28/51/285107_blusa-gola-alta-pingente-concha-362001986_z1_639083746358644429.webp,285107,Skazi,Skazi,SUPERIOR,UNDEFINED,SUPERIOR (F) ,true,,PP|P|M|G,adult,adult,,clothes,,,,,0.0,BR,false,,PP|P|M|G
vestido longo babados,https://shop.skazioficial.com/282752,female,female,https://d30sy8gjh472q7.cloudfront.net/Custom/Content/Products/28/27/282752_vestido-longo-babados-442005569_z1_639083753942319208.webp,282752,Skazi,Skazi,CORPO TODO,UNDEFINED,CORPO TODO (F),true,,PP|P|M|G,adult,adult,,clothes,,,,,0.0,BR,false,,PP|P|M|G
mini saia paete,https://shop.skazioficial.com/280187,female,female,https://d30sy8gjh472q7.cloudfront.net/Custom/Content/Products/28/01/280187_mini-saia-paete-82001496_z1_639083774132074130.webp,280187,Skazi,Skazi,INFERIOR,UNDEFINED,INFERIOR (F) ,true,,PP|P|M|G|GG,adult,adult,,clothes,,,,,0.0,BR,false,,PP|P|M|G|GG
vestido midi cruzado,https://shop.skazioficial.com/283878,female,female,https://d30sy8gjh472q7.cloudfront.net/Custom/Content/Products/28/38/283878_vestido-midi-cruzado-442005598_z1_639083761953515012.webp,283878,Skazi,Skazi,CORPO TODO,UNDEFINED,CORPO TODO (F),true,,PP|P|M|G,adult,adult,,clothes,,,,,0.0,BR,false,,PP|P|M|G
vestido longo pala em macrame,https://shop.skazioficial.com/280572,female,female,https://d30sy8gjh472q7.cloudfront.net/Custom/Content/Products/28/05/280572_vestido-longo-pala-em-macrame-442005578_z5_639083784219924095.webp,280572,Skazi,Skazi,CORPO TODO,UNDEFINED,CORPO TODO (F),true,,PP|P|M|G|GG,adult,adult,,clothes,,,,,0.0,BR,false,,PP|P|M|G|GG
conjunto alfaiataria giulia,https://shop.skazioficial.com/286677,female,female,https://d30sy8gjh472q7.cloudfront.net/Custom/Content/Products/28/66/286677_conjunto-alfaiataria-giulia-2222001481_z1_639083745137954893.webp,286677,Skazi,Skazi,CORPO TODO,UNDEFINED,CORPO TODO (F),true,,PP|P|M|G,adult,adult,,clothes,,,,,0.0,BR,false,,PP|P|M|G
vestido midi flor linho lurex,https://shop.skazioficial.com/283881,female,female,https://d30sy8gjh472q7.cloudfront.net/Custom/Content/Products/28/38/283881_vestido-midi-flor-linho-lurex-442005601_z1_639083762530697338.webp,283881,Skazi,Skazi,CORPO TODO,UNDEFINED,CORPO TODO (F),true,,PP|P|M|G,adult,adult,,clothes,,,,,0.0,BR,false,,PP|P|M|G
vestido midi aplicacoes de renda,https://shop.skazioficial.com/285120,female,female,https://d30sy8gjh472q7.cloudfront.net/Custom/Content/Products/28/51/285120_vestido-midi-aplicacoes-de-renda-442005615_z1_639083747042023687.webp,285120,Skazi,Skazi,CORPO TODO,UNDEFINED,CORPO TODO (F),true,,PP|P|M|G,adult,adult,,clothes,,,,,0.0,BR,false,,PP|P|M|G
vestido max midi ikat,https://shop.skazioficial.com/282853,female,female,https://d30sy8gjh472q7.cloudfront.net/Custom/Content/Products/28/28/282853_vestido-max-midi-ikat-442005564_z1_639083753092297666.webp,282853,Skazi,Skazi,CORPO TODO,UNDEFINED,CORPO TODO (F),true,,PP|P|M|G,adult,adult,,clothes,,,,,0.0,BR,false,,PP|P|M|G
vestido longo cut out com detalhes metalicos,https://shop.skazioficial.com/285184,female,female,https://d30sy8gjh472q7.cloudfront.net/Custom/Content/Products/28/51/285184_vestido-longo-cut-out-com-detalhes-metalicos-442005663_z5_639083749941801918.webp,285184,Skazi,Skazi,CORPO TODO,UNDEFINED,CORPO TODO (F),true,,PP|P|M|G,adult,adult,,clothes,,,,,0.0,BR,false,,PP|P|M|G
vestido tricot midi perolas,https://shop.skazioficial.com/280494,female,female,https://d30sy8gjh472q7.cloudfront.net/Custom/Content/Products/28/04/280494_vestido-tricot-midi-perolas-442005541_z1_639083782850558469.webp,280494,Skazi,Skazi,TRICOT,UNDEFINED,TRICOT (F),true,,PP|P|M|G|GG,adult,adult,,clothes,,,,,0.0,BR,false,,PP|P|M|G|GG
vestido longo renda decote halter,https://shop.skazioficial.com/290823,female,female,https://d30sy8gjh472q7.cloudfront.net/Custom/Content/Products/29/08/290823_vestido-longo-renda-decote-halter-442005821_z1_639083722701154476.webp,290823,Skazi,Skazi,CORPO TODO,UNDEFINED,CORPO TODO (F),true,,PP|P|M|G,adult,adult,,clothes,,,,,0.0,BR,false,,PP|P|M|G
vestido longo camadas chiffon renda,https://shop.skazioficial.com/290822,female,female,https://d30sy8gjh472q7.cloudfront.net/Custom/Content/Products/29/08/290822_vestido-longo-camadas-chiffon-renda-442005820_z1_639083722456920705.webp,290822,Skazi,Skazi,CORPO TODO,UNDEFINED,CORPO TODO (F),true,,PP|P|M|G,adult,adult,,clothes,,,,,0.0,BR,false,,PP|P|M|G
blusa richelieu bordada,https://shop.skazioficial.com/280234,female,female,https://d30sy8gjh472q7.cloudfront.net/Custom/Content/Products/28/02/280234_blusa-richelieu-bordada-362001940_z1_639083775592505971.webp,280234,Skazi,Skazi,SUPERIOR,UNDEFINED,SUPERIOR (F) ,true,,PP|P|M|G|GG,adult,adult,,clothes,,,,,0.0,BR,false,,PP|P|M|G|GG
vestido ombro a ombro richelieu,https://shop.skazioficial.com/280453,female,female,https://d30sy8gjh472q7.cloudfront.net/Custom/Content/Products/28/04/280453_vestido-ombro-a-ombro-richelieu-442005517_z1_639083781143776598.webp,280453,Skazi,Skazi,CORPO TODO,UNDEFINED,CORPO TODO (F),true,,PP|P|M|G|GG,adult,adult,,clothes,,,,,0.0,BR,false,,PP|P|M|G|GG
macaquinho dress recorte,https://shop.skazioficial.com/283908,female,female,https://d30sy8gjh472q7.cloudfront.net/Custom/Content/Products/28/39/283908_macaquinho-dress-recorte-542001222_z1_639083764534578676.webp,283908,Skazi,Skazi,UNDEFINED,UNDEFINED,,true,,PP|P|M|G,adult,adult,,,,,,,0.0,BR,false,,
camisa com gravata,https://shop.skazioficial.com/290782,female,female,https://d30sy8gjh472q7.cloudfront.net/Custom/Content/Products/29/07/290782_camisa-com-gravata-302000634_z1_639083719663414631.webp,290782,Skazi,Skazi,UNDEFINED,UNDEFINED,,true,,PP|P|M|G,adult,adult,,,,,,,0.0,BR,false,,
conjunto top calca recorte,https://shop.skazioficial.com/283912,female,female,https://d30sy8gjh472q7.cloudfront.net/Custom/Content/Products/28/39/283912_conjunto-top-calca-recorte-2222001459_z1_639083765361963049.webp,283912,Skazi,Skazi,INFERIOR,UNDEFINED,INFERIOR (F) ,true,,PP|P|M|G,adult,adult,,clothes,,,,,0.0,BR,false,,PP|P|M|G
vestido max midi guipir,https://shop.skazioficial.com/282737,female,female,https://d30sy8gjh472q7.cloudfront.net/Custom/Content/Products/28/27/282737_vestido-max-midi-guipir-442005565_z1_639083753283001658.webp,282737,Skazi,Skazi,CORPO TODO,UNDEFINED,CORPO TODO (F),true,,PP|P|M|G,adult,adult,,clothes,,,,,0.0,BR,false,,PP|P|M|G
conjunto estampa sicilia,https://shop.skazioficial.com/285198,female,female,https://d30sy8gjh472q7.cloudfront.net/Custom/Content/Products/28/51/285198_conjunto-estampa-sicilia-2222001472_z1_639083751035333632.webp,285198,Skazi,Skazi,CORPO TODO,UNDEFINED,CORPO TODO (F),true,,PP|P|M|G,adult,adult,,clothes,,,,,0.0,BR,false,,PP|P|M|G
conjunto calca e maxi-tunica assimetrica,https://shop.skazioficial.com/285193,female,female,https://d30sy8gjh472q7.cloudfront.net/Custom/Content/Products/28/51/285193_conjunto-calca-e-maxi-tunica-assimetrica-2222001470_z1_639083750855700703.webp,285193,Skazi,Skazi,INFERIOR,UNDEFINED,INFERIOR (F) ,true,,PP|P|M|G,adult,adult,,clothes,,,,,0.0,BR,false,,PP|P|M|G
conjunto blusa ombro so e calca,https://shop.skazioficial.com/286671,female,female,https://d30sy8gjh472q7.cloudfront.net/Custom/Content/Products/28/66/286671_conjunto-blusa-ombro-so-e-calca-2222001477_z1_639083744795073556.webp,286671,Skazi,Skazi,INFERIOR,UNDEFINED,INFERIOR (F) ,true,,PP|P|M|G,adult,adult,,clothes,,,,,0.0,BR,false,,PP|P|M|G
tunica tricoline bordada,https://shop.skazioficial.com/280311,female,female,https://d30sy8gjh472q7.cloudfront.net/Custom/Content/Products/28/03/280311_tunica-tricoline-bordada-362001955_z1_639083777125906011.webp,280311,Skazi,Skazi,TRICOT,UNDEFINED,TRICOT (F),true,,PP|P|M|G|GG,adult,adult,,clothes,,,,,0.0,BR,false,,PP|P|M|G|GG
vestido curto bordado floral,https://shop.skazioficial.com/285141,female,female,https://d30sy8gjh472q7.cloudfront.net/Custom/Content/Products/28/51/285141_vestido-curto-bordado-floral-442005652_z1_639083748035386257.webp,285141,Skazi,Skazi,CORPO TODO,UNDEFINED,CORPO TODO (F),true,,PP|P|M|G,adult,adult,,clothes,,,,,0.0,BR,false,,PP|P|M|G
vestido midi com aplicacao flores,https://shop.skazioficial.com/285131,female,female,https://d30sy8gjh472q7.cloudfront.net/Custom/Content/Products/28/51/285131_vestido-midi-com-aplicacao-flores-442005618_z1_639083747627034817.webp,285131,Skazi,Skazi,CORPO TODO,UNDEFINED,CORPO TODO (F),true,,PP|P|M|G,adult,adult,,clothes,,,,,0.0,BR,false,,PP|P|M|G
conjunto blusa e calca poas cristais,https://shop.skazioficial.com/284433,female,female,https://d30sy8gjh472q7.cloudfront.net/Custom/Content/Products/28/44/284433_conjunto-blusa-e-calca-poas-cristais-2222001476_z1_639083767176418421.webp,284433,Skazi,Skazi,INFERIOR,UNDEFINED,INFERIOR (F) ,true,,PP|P|M|G,adult,adult,,clothes,,,,,0.0,BR,false,,PP|P|M|G
conjunto tweed top e calca flare,https://shop.skazioficial.com/287610,female,female,https://d30sy8gjh472q7.cloudfront.net/Custom/Content/Products/28/76/287610_conjunto-tweed-top-e-calca-flare-2222001499_z1_639083718326894446.webp,287610,Skazi,Skazi,INFERIOR,UNDEFINED,INFERIOR (F) ,true,,PP|P|M|G|GG,adult,adult,,clothes,,,,,0.0,BR,false,,PP|P|M|G|GG
conjunto top e calca pantalona,https://shop.skazioficial.com/285199,female,female,https://d30sy8gjh472q7.cloudfront.net/Custom/Content/Products/28/51/285199_conjunto-top-e-calca-pantalona-2222001484_z1_639083751216894832.webp,285199,Skazi,Skazi,INFERIOR,UNDEFINED,INFERIOR (F) ,true,,PP|P|M|G,adult,adult,,clothes,,,,,0.0,BR,false,,PP|P|M|G
tunica renda geometrica,https://shop.skazioficial.com/283844,female,female,https://d30sy8gjh472q7.cloudfront.net/Custom/Content/Products/28/38/283844_tunica-renda-geometrica-362001970_z1_639083759853096808.webp,283844,Skazi,Skazi,UNDEFINED,UNDEFINED,,true,,PP|P|M|G,adult,adult,,,,,,,0.0,BR,false,,
conjunto ella blusa e saia midi,https://shop.skazioficial.com/289257,female,female,https://d30sy8gjh472q7.cloudfront.net/Custom/Content/Products/28/92/289257_conjunto-ella-blusa-e-saia-midi-2222001539_z1_639083734147280952.webp,289257,Skazi,Skazi,INFERIOR,UNDEFINED,INFERIOR (F) ,true,,PP|P|M|G,adult,adult,,clothes,,,,,0.0,BR,false,,PP|P|M|G
vestido curto ombro so babados,https://shop.skazioficial.com/280424,female,female,https://d30sy8gjh472q7.cloudfront.net/Custom/Content/Products/28/04/280424_vestido-curto-ombro-so-babados-442005506_z1_639083780559615365.webp,280424,Skazi,Skazi,CORPO TODO,UNDEFINED,CORPO TODO (F),true,,PP|P|M|G|GG,adult,adult,,clothes,,,,,0.0,BR,false,,PP|P|M|G|GG
blazer tweed cut out,https://shop.skazioficial.com/287403,female,female,https://d30sy8gjh472q7.cloudfront.net/Custom/Content/Products/28/74/287403_blazer-tweed-cut-out-582000153_z1_639083718082607600.webp,287403,Skazi,Skazi,UNDEFINED,UNDEFINED,,true,,PP|P|M|G|GG,adult,adult,,,,,,,0.0,BR,false,,
vestido midi drapeado,https://shop.skazioficial.com/286662,female,female,https://d30sy8gjh472q7.cloudfront.net/Custom/Content/Products/28/66/286662_vestido-midi-drapeado-442005649_z1_639083743972305676.webp,286662,Skazi,Skazi,CORPO TODO,UNDEFINED,CORPO TODO (F),true,,PP|P|M|G,adult,adult,,clothes,,,,,0.0,BR,false,,PP|P|M|G
vestido longo argolas,https://shop.skazioficial.com/280376,female,female,https://d30sy8gjh472q7.cloudfront.net/Custom/Content/Products/28/03/280376_vestido-longo-argolas-442005484_z1_639083778784276498.webp,280376,Skazi,Skazi,CORPO TODO,UNDEFINED,CORPO TODO (F),true,,PP|P|M|G|GG,adult,adult,,clothes,,,,,0.0,BR,false,,PP|P|M|G|GG
blusa echarpe,https://shop.skazioficial.com/280232,female,female,https://d30sy8gjh472q7.cloudfront.net/Custom/Content/Products/28/02/280232_blusa-echarpe-362001938_z1_639083775181614257.webp,280232,Skazi,Skazi,SUPERIOR,UNDEFINED,SUPERIOR (F) ,true,,PP|P|M|G|GG,adult,adult,,clothes,,,,,0.0,BR,false,,PP|P|M|G|GG
conjunto aplicacao maxi flor,https://shop.skazioficial.com/286682,female,female,https://d30sy8gjh472q7.cloudfront.net/Custom/Content/Products/28/66/286682_conjunto-aplicacao-maxi-flor-2222001482_z1_639083745321070002.webp,286682,Skazi,Skazi,CORPO TODO,UNDEFINED,CORPO TODO (F),true,,PP|P|M|G,adult,adult,,clothes,,,,,0.0,BR,false,,PP|P|M|G
camisa aplicacao mangas,https://shop.skazioficial.com/280202,female,female,https://d30sy8gjh472q7.cloudfront.net/Custom/Content/Products/28/02/280202_camisa-aplicacao-mangas-302000626_z5_639083774878590978.webp,280202,Skazi,Skazi,UNDEFINED,UNDEFINED,,true,,PP|P|M|G|GG,adult,adult,,,,,,,0.0,BR,false,,
vestido aplicacoes,https://shop.skazioficial.com/277781,female,female,https://d30sy8gjh472q7.cloudfront.net/Custom/Content/Products/27/77/277781_vestido-aplicacoes-442005427_z1_639083796424643169.webp,277781,Skazi,Skazi,CORPO TODO,UNDEFINED,CORPO TODO (F),true,,PP|P|M|G,adult,adult,,clothes,,,,,0.0,BR,false,,PP|P|M|G
camiseta essential,https://shop.skazioficial.com/289190,female,female,https://d30sy8gjh472q7.cloudfront.net/Custom/Content/Products/28/91/289190_camiseta-essential-342000123_z1_639083728608703137.webp,289190,Skazi,Skazi,UNDEFINED,UNDEFINED,,true,,PP|P|M|G,adult,adult,,,,,,,0.0,BR,false,,
vestido longo ombro so,https://shop.skazioficial.com/280439,female,female,https://d30sy8gjh472q7.cloudfront.net/Custom/Content/Products/28/04/280439_vestido-longo-ombro-so-442005513_z1_639083780795224270.webp,280439,Skazi,Skazi,CORPO TODO,UNDEFINED,CORPO TODO (F),true,,PP|P|M|G|GG,adult,adult,,clothes,,,,,0.0,BR,false,,PP|P|M|G|GG
vestido kaftan longo estampa ikat,https://shop.skazioficial.com/282732,female,female,https://d30sy8gjh472q7.cloudfront.net/Custom/Content/Products/28/27/282732_vestido-kaftan-longo-estampa-ikat-442005562_z1_639083752663385694.webp,282732,Skazi,Skazi,CORPO TODO,UNDEFINED,CORPO TODO (F),true,,PP|P|M|G,adult,adult,,clothes,,,,,0.0,BR,false,,PP|P|M|G
vestido longo cut out ombro so,https://shop.skazioficial.com/280485,female,female,https://d30sy8gjh472q7.cloudfront.net/Custom/Content/Products/28/04/280485_vestido-longo-cut-out-ombro-so-442005530_z1_639083782598175219.webp,280485,Skazi,Skazi,CORPO TODO,UNDEFINED,CORPO TODO (F),true,,PP|P|M|G|GG,adult,adult,,clothes,,,,,0.0,BR,false,,PP|P|M|G|GG
vestido midi decote cavado,https://shop.skazioficial.com/286661,female,female,https://d30sy8gjh472q7.cloudfront.net/Custom/Content/Products/28/66/286661_vestido-midi-decote-cavado-442005648_z1_639083743797959332.webp,286661,Skazi,Skazi,CORPO TODO,UNDEFINED,CORPO TODO (F),true,,PP|P|M|G,adult,adult,,clothes,,,,,0.0,BR,false,,PP|P|M|G
vestido midi argolas,https://shop.skazioficial.com/280367,female,female,https://d30sy8gjh472q7.cloudfront.net/Custom/Content/Products/28/03/280367_vestido-midi-argolas-442005477_z1_639083778133590057.webp,280367,Skazi,Skazi,CORPO TODO,UNDEFINED,CORPO TODO (F),true,,PP|P|M|G|GG,adult,adult,,clothes,,,,,0.0,BR,false,,PP|P|M|G|GG
conjunto tricot elegance,https://shop.skazioficial.com/287674,female,female,https://d30sy8gjh472q7.cloudfront.net/Custom/Content/Products/28/76/287674_conjunto-tricot-elegance-2222001490_z1_639083718235766307.webp,287674,Skazi,Skazi,TRICOT,UNDEFINED,TRICOT (F),true,,PP|P|M|G|GG,adult,adult,,clothes,,,,,0.0,BR,false,,PP|P|M|G|GG
conjunto blusa e calca listras detalhe renda,https://shop.skazioficial.com/290881,female,female,https://d30sy8gjh472q7.cloudfront.net/Custom/Content/Products/29/08/290881_conjunto-blusa-e-calca-listras-detalhe-renda-2222001546_z1_639083726570266918.webp,290881,Skazi,Skazi,INFERIOR,UNDEFINED,INFERIOR (F) ,true,,PP|P|M|G,adult,adult,,clothes,,,,,0.0,BR,false,,PP|P|M|G
vestido ombro a ombro renda geometrica,https://shop.skazioficial.com/283870,female,female,https://d30sy8gjh472q7.cloudfront.net/Custom/Content/Products/28/38/283870_vestido-ombro-a-ombro-renda-geometrica-442005591_z1_639083761016123869.webp,283870,Skazi,Skazi,CORPO TODO,UNDEFINED,CORPO TODO (F),true,,PP|P|M|G,adult,adult,,clothes,,,,,0.0,BR,false,,PP|P|M|G
regata cropped tricot cut out,https://shop.skazioficial.com/280260,female,female,https://d30sy8gjh472q7.cloudfront.net/Custom/Content/Products/28/02/280260_regata-cropped-tricot-cut-out-362001949_z1_639083776769457676.webp,280260,Skazi,Skazi,TRICOT,UNDEFINED,TRICOT (F),true,,PP|P|M|G|GG,adult,adult,,clothes,,,,,0.0,BR,false,,PP|P|M|G|GG
calca jeans bolsos,https://shop.skazioficial.com/289172,female,female,https://d30sy8gjh472q7.cloudfront.net/Custom/Content/Products/28/91/289172_calca-jeans-bolsos-22001352_z1_639083727520953603.webp,289172,Skazi,Skazi,INFERIOR,UNDEFINED,INFERIOR (F) ,true,,36|38|40|42|44,adult,adult,,clothes,,,,,0.0,BR,false,,36|38|40|42|44
blusa renda babados,https://shop.skazioficial.com/289201,female,female,https://d30sy8gjh472q7.cloudfront.net/Custom/Content/Products/28/92/289201_blusa-renda-babados-362002025_z1_639083729371342083.webp,289201,Skazi,Skazi,SUPERIOR,UNDEFINED,SUPERIOR (F) ,true,,PP|P|M|G,adult,adult,,clothes,,,,,0.0,BR,false,,PP|P|M|G
vestido midi tule drapeado,https://shop.skazioficial.com/285167,female,female,https://d30sy8gjh472q7.cloudfront.net/Custom/Content/Products/28/51/285167_vestido-midi-tule-drapeado-442005658_z1_639083749093026678.webp,285167,Skazi,Skazi,CORPO TODO,UNDEFINED,CORPO TODO (F),true,,PP|P|M|G,adult,adult,,clothes,,,,,0.0,BR,false,,PP|P|M|G
vestido midi bordado floral,https://shop.skazioficial.com/285113,female,female,https://d30sy8gjh472q7.cloudfront.net/Custom/Content/Products/28/51/285113_vestido-midi-bordado-floral-442005609_z1_639083746707198752.webp,285113,Skazi,Skazi,CORPO TODO,UNDEFINED,CORPO TODO (F),true,,PP|P|M|G,adult,adult,,clothes,,,,,0.0,BR,false,,PP|P|M|G
vestido longo corselet,https://shop.skazioficial.com/290824,female,female,https://d30sy8gjh472q7.cloudfront.net/Custom/Content/Products/29/08/290824_vestido-longo-corselet-442005822_z1_639083722938436011.webp,290824,Skazi,Skazi,CORPO TODO,UNDEFINED,CORPO TODO (F),true,,PP|P|M|G,adult,adult,,clothes,,,,,0.0,BR,false,,PP|P|M|G
vestido midi camadas assimetricas,https://shop.skazioficial.com/288065,female,female,https://d30sy8gjh472q7.cloudfront.net/Custom/Content/Products/28/80/288065_vestido-midi-camadas-assimetricas-442005685_z1_639083736034357662.webp,288065,Skazi,Skazi,CORPO TODO,UNDEFINED,CORPO TODO (F),true,,PP|P|M|G,adult,adult,,clothes,,,,,0.0,BR,false,,PP|P|M|G
conjunto camisa e short algodao praiano,https://shop.skazioficial.com/280069,female,female,https://d30sy8gjh472q7.cloudfront.net/Custom/Content/Products/28/00/280069_conjunto-camisa-e-short-algodao-praiano-2222001450_z1_639083787569643919.webp,280069,Skazi,Skazi,INFERIOR,UNDEFINED,INFERIOR (F) ,true,,PP|P|M|G|GG,adult,adult,,clothes,,,,,0.0,BR,false,,PP|P|M|G|GG
vestido curto vazados,https://shop.skazioficial.com/282767,female,female,https://d30sy8gjh472q7.cloudfront.net/Custom/Content/Products/28/27/282767_vestido-curto-vazados-442005585_z3_639080908617260889.webp,282767,Skazi,Skazi,CORPO TODO,UNDEFINED,CORPO TODO (F),true,,PP|P|M|G,adult,adult,,clothes,,,,,0.0,BR,false,,PP|P|M|G
conjunto colete e saia midi,https://shop.skazioficial.com/290887,female,female,https://d30sy8gjh472q7.cloudfront.net/Custom/Content/Products/29/08/290887_conjunto-colete-e-saia-midi-2222001548_z1_639083727051791636.webp,290887,Skazi,Skazi,INFERIOR,UNDEFINED,INFERIOR (F) ,true,,PP|P|M|G,adult,adult,,clothes,,,,,0.0,BR,false,,PP|P|M|G
blusa ombro so linho,https://shop.skazioficial.com/283843,female,female,https://d30sy8gjh472q7.cloudfront.net/Custom/Content/Products/28/38/283843_blusa-ombro-so-linho-362001968_z1_639083759641518274.webp,283843,Skazi,Skazi,SUPERIOR,UNDEFINED,SUPERIOR (F) ,true,,PP|P|M|G,adult,adult,,clothes,,,,,0.0,BR,false,,PP|P|M|G
vestido midi em renda,https://shop.skazioficial.com/289220,female,female,https://d30sy8gjh472q7.cloudfront.net/Custom/Content/Products/28/92/289220_vestido-midi-em-renda-442005816_z1_639083731795016219.webp,289220,Skazi,Skazi,CORPO TODO,UNDEFINED,CORPO TODO (F),true,,PP|P|M|G,adult,adult,,clothes,,,,,0.0,BR,false,,PP|P|M|G
body cut-out manga longa,https://shop.skazioficial.com/289207,female,female,https://d30sy8gjh472q7.cloudfront.net/Custom/Content/Products/28/92/289207_body-cut-out-manga-longa-422000375_z7_639083730453771110.webp,289207,Skazi,Skazi,CORPO TODO,UNDEFINED,CORPO TODO (F),true,,PP|P|M|G,adult,adult,,clothes,,,,,0.0,BR,false,,PP|P|M|G
vestido midi alcas assimetricas,https://shop.skazioficial.com/286624,female,female,https://d30sy8gjh472q7.cloudfront.net/Custom/Content/Products/28/66/286624_vestido-midi-alcas-assimetricas-442005635_z1_639083741850730786.webp,286624,Skazi,Skazi,CORPO TODO,UNDEFINED,CORPO TODO (F),true,,PP|P|M|G,adult,adult,,clothes,,,,,0.0,BR,false,,PP|P|M|G
conjunto alfaiataria essence,https://shop.skazioficial.com/290876,female,female,https://d30sy8gjh472q7.cloudfront.net/Custom/Content/Products/29/08/290876_conjunto-alfaiataria-essence-2222001544_z1_639083726358841714.webp,290876,Skazi,Skazi,CORPO TODO,UNDEFINED,CORPO TODO (F),true,,PP|P|M|G,adult,adult,,clothes,,,,,0.0,BR,false,,PP|P|M|G
saia lapis essence,https://shop.skazioficial.com/290781,female,female,https://d30sy8gjh472q7.cloudfront.net/Custom/Content/Products/29/07/290781_saia-lapis-essence-82001515_z1_639083719467190543.webp,290781,Skazi,Skazi,INFERIOR,UNDEFINED,INFERIOR (F) ,true,,PP|P|M|G,adult,adult,,clothes,,,,,0.0,BR,false,,PP|P|M|G
vestido midi drapeado,https://shop.skazioficial.com/286618,female,female,https://d30sy8gjh472q7.cloudfront.net/Custom/Content/Products/28/66/286618_vestido-midi-drapeado-442005633_z1_639083741488195582.webp,286618,Skazi,Skazi,CORPO TODO,UNDEFINED,CORPO TODO (F),true,,PP|P|M|G,adult,adult,,clothes,,,,,0.0,BR,false,,PP|P|M|G
vestido midi balone,https://shop.skazioficial.com/290837,female,female,https://d30sy8gjh472q7.cloudfront.net/Custom/Content/Products/29/08/290837_vestido-midi-balone-442005829_z1_639083724071046189.webp,290837,Skazi,Skazi,CORPO TODO,UNDEFINED,CORPO TODO (F),true,,PP|P|M|G,adult,adult,,clothes,,,,,0.0,BR,false,,PP|P|M|G
casaqueto balone flores 3d,https://shop.skazioficial.com/290860,female,female,https://d30sy8gjh472q7.cloudfront.net/Custom/Content/Products/29/08/290860_casaqueto-balone-flores-3d-482000547_z1_639083725572530912.webp,290860,Skazi,Skazi,UNDEFINED,UNDEFINED,,true,,PP|P|M|G,adult,adult,,,,,,,0.0,BR,false,,
jaqueta utilitaria,https://shop.skazioficial.com/290798,female,female,https://d30sy8gjh472q7.cloudfront.net/Custom/Content/Products/29/07/290798_jaqueta-utilitaria-322000352_z1_639083720561854152.webp,290798,Skazi,Skazi,UNDEFINED,UNDEFINED,,true,,PP|P|M|G,adult,adult,,,,,,,0.0,BR,false,,
vestido babados assimetricos,https://shop.skazioficial.com/285172,female,female,https://d30sy8gjh472q7.cloudfront.net/Custom/Content/Products/28/51/285172_vestido-babados-assimetricos-442005659_z1_639082811253469250.webp,285172,Skazi,Skazi,TRICOT,UNDEFINED,TRICOT (F),true,,PP|P|M|G,adult,adult,,clothes,,,,,0.0,BR,false,,PP|P|M|G
vestido longo cut out em jersey,https://shop.skazioficial.com/288101,female,female,https://d30sy8gjh472q7.cloudfront.net/Custom/Content/Products/28/81/288101_vestido-longo-cut-out-em-jersey-442005756_z1_639083737442848747.webp,288101,Skazi,Skazi,CORPO TODO,UNDEFINED,CORPO TODO (F),true,,PP|P|M|G,adult,adult,,clothes,,,,,0.0,BR,false,,PP|P|M|G
vestido longo corpo renda ombro a ombro,https://shop.skazioficial.com/290831,female,female,https://d30sy8gjh472q7.cloudfront.net/Custom/Content/Products/29/08/290831_vestido-longo-corpo-renda-ombro-a-ombro-442005826_z1_639083723592083958.webp,290831,Skazi,Skazi,CORPO TODO,UNDEFINED,CORPO TODO (F),true,,PP|P|M|G,adult,adult,,clothes,,,,,0.0,BR,false,,PP|P|M|G
vestido longo renda paetes,https://shop.skazioficial.com/280364,female,female,https://d30sy8gjh472q7.cloudfront.net/Custom/Content/Products/28/03/280364_vestido-longo-renda-paetes-442005473_z1_639083777764061103.webp,280364,Skazi,Skazi,CORPO TODO,UNDEFINED,CORPO TODO (F),true,,PP|P|M|G|GG,adult,adult,,clothes,,,,,0.0,BR,false,,PP|P|M|G|GG
vestido longo alcas esferas,https://shop.skazioficial.com/285178,female,female,https://d30sy8gjh472q7.cloudfront.net/Custom/Content/Products/28/51/285178_vestido-longo-alcas-esferas-442005661_z1_639083749588812981.webp,285178,Skazi,Skazi,CORPO TODO,UNDEFINED,CORPO TODO (F),true,,PP|P|M|G,adult,adult,,clothes,,,,,0.0,BR,false,,PP|P|M|G
conjunto colete e short,https://shop.skazioficial.com/289247,female,female,https://d30sy8gjh472q7.cloudfront.net/Custom/Content/Products/28/92/289247_conjunto-colete-e-short-2222001537_z1_639083733608658265.webp,289247,Skazi,Skazi,INFERIOR,UNDEFINED,INFERIOR (F) ,true,,PP|P|M|G,adult,adult,,clothes,,,,,0.0,BR,false,,PP|P|M|G
vestido midi em laise floral,https://shop.skazioficial.com/286643,female,female,https://d30sy8gjh472q7.cloudfront.net/Custom/Content/Products/28/66/286643_vestido-midi-em-laise-floral-442005642_z1_639083742802112730.webp,286643,Skazi,Skazi,CORPO TODO,UNDEFINED,CORPO TODO (F),true,,PP|P|M|G,adult,adult,,clothes,,,,,0.0,BR,false,,PP|P|M|G
vestido midi recortes assimetricos,https://shop.skazioficial.com/286663,female,female,https://d30sy8gjh472q7.cloudfront.net/Custom/Content/Products/28/66/286663_vestido-midi-recortes-assimetricos-442005651_z1_639083744146329173.webp,286663,Skazi,Skazi,TRICOT,UNDEFINED,TRICOT (F),true,,PP|P|M|G,adult,adult,,clothes,,,,,0.0,BR,false,,PP|P|M|G
vestido curto gode listras,https://shop.skazioficial.com/288090,female,female,https://d30sy8gjh472q7.cloudfront.net/Custom/Content/Products/28/80/288090_vestido-curto-gode-listras-442005752_z1_639083736920421227.webp,288090,Skazi,Skazi,CORPO TODO,UNDEFINED,CORPO TODO (F),true,,PP|P|M|G,adult,adult,,clothes,,,,,0.0,BR,false,,PP|P|M|G
short saia amarracao,https://shop.skazioficial.com/280171,female,female,https://d30sy8gjh472q7.cloudfront.net/Custom/Content/Products/28/01/280171_short-saia-amarracao-62000413_z1_639083773552283601.webp,280171,Skazi,Skazi,INFERIOR,UNDEFINED,INFERIOR (F) ,true,,PP|P|M|G|GG,adult,adult,,clothes,,,,,0.0,BR,false,,PP|P|M|G|GG
vestido renda cashmere,https://shop.skazioficial.com/277559,female,female,https://d30sy8gjh472q7.cloudfront.net/Custom/Content/Products/27/75/277559_vestido-renda-cashmere-442005438_z1_639083797741000307.webp,277559,Skazi,Skazi,CORPO TODO,UNDEFINED,CORPO TODO (F),true,,PP|P|M|G,adult,adult,,clothes,,,,,0.0,BR,false,,PP|P|M|G
macacao laise floral,https://shop.skazioficial.com/282777,female,female,https://d30sy8gjh472q7.cloudfront.net/Custom/Content/Products/28/27/282777_macacao-laise-floral-542001217_z1_639083755334368728.webp,282777,Skazi,Skazi,CORPO TODO,UNDEFINED,CORPO TODO (F),true,,PP|P|M|G,adult,adult,,clothes,,,,,0.0,BR,false,,PP|P|M|G
conjunto flare renda dourado,https://shop.skazioficial.com/290882,female,female,https://d30sy8gjh472q7.cloudfront.net/Custom/Content/Products/29/08/290882_conjunto-flare-renda-dourado-2222001547_z1_639083726839855234.webp,290882,Skazi,Skazi,CORPO TODO,UNDEFINED,CORPO TODO (F),true,,PP|P|M|G,adult,adult,,clothes,,,,,0.0,BR,false,,PP|P|M|G
shorts jeans clochard cos duplo,https://shop.skazioficial.com/283831,female,female,https://d30sy8gjh472q7.cloudfront.net/Custom/Content/Products/28/38/283831_shorts-jeans-clochard-cos-duplo-62000419_z1_639083759083514866.webp,283831,Skazi,Skazi,INFERIOR,UNDEFINED,INFERIOR (F) ,true,,36|38|40|42|44,adult,adult,,clothes,,,,,0.0,BR,false,,36|38|40|42|44
vestido maxi midi estampado,https://shop.skazioficial.com/280477,female,female,https://d30sy8gjh472q7.cloudfront.net/Custom/Content/Products/28/04/280477_vestido-maxi-midi-estampado-442005521_z1_639083781615963289.webp,280477,Skazi,Skazi,CORPO TODO,UNDEFINED,CORPO TODO (F),true,,PP|P|M|G|GG,adult,adult,,clothes,,,,,0.0,BR,false,,PP|P|M|G|GG
top corselet renda,https://shop.skazioficial.com/290849,female,female,https://d30sy8gjh472q7.cloudfront.net/Custom/Content/Products/29/08/290849_top-corselet-renda-462000586_z1_639083724941358905.webp,290849,Skazi,Skazi,SUPERIOR,UNDEFINED,SUPERIOR (F) ,true,,PP|P|M|G,adult,adult,,clothes,,,,,0.0,BR,false,,PP|P|M|G
blusa decote gota,https://shop.skazioficial.com/290805,female,female,https://d30sy8gjh472q7.cloudfront.net/Custom/Content/Products/29/08/290805_blusa-decote-gota-362002031_z1_639083721220609469.webp,290805,Skazi,Skazi,SUPERIOR,UNDEFINED,SUPERIOR (F) ,true,,PP|P|M|G,adult,adult,,clothes,,,,,0.0,BR,false,,PP|P|M|G
colete recortes vazados,https://shop.skazioficial.com/280591,female,female,https://d30sy8gjh472q7.cloudfront.net/Custom/Content/Products/28/05/280591_colete-recortes-vazados-502000086_z1_639083784949398307.webp,280591,Skazi,Skazi,UNDEFINED,UNDEFINED,,true,,PP|P|M|G|GG,adult,adult,,,,,,,0.0,BR,false,,
colete fenda detalhe gota,https://shop.skazioficial.com/280590,female,female,https://d30sy8gjh472q7.cloudfront.net/Custom/Content/Products/28/05/280590_colete-fenda-detalhe-gota-502000085_z1_639083784813747508.webp,280590,Skazi,Skazi,UNDEFINED,UNDEFINED,,true,,PP|P|M|G|GG,adult,adult,,,,,,,0.0,BR,false,,
vestido midi drapeado,https://shop.skazioficial.com/252706,female,female,https://d30sy8gjh472q7.cloudfront.net/Custom/Content/Products/25/27/252706_vestido-midi-drapeado-442005339_z1_639083208618284266.webp,252706,Skazi,Skazi,CORPO TODO,UNDEFINED,CORPO TODO (F),true,,PP|P|M|G,adult,adult,,clothes,,,,,0.0,BR,false,,PP|P|M|G
blusa musseline listras,https://shop.skazioficial.com/239234,female,female,https://d30sy8gjh472q7.cloudfront.net/Custom/Content/Products/23/92/239234_blusa-musseline-listras-362001792_z1_639083167938241938.webp,239234,Skazi,Skazi,SUPERIOR,UNDEFINED,SUPERIOR (F) ,true,,PP|P|M|G|GG,adult,adult,,clothes,,,,,0.0,BR,false,,PP|P|M|G|GG
blusa manga long,https://shop.skazioficial.com/undefined,female,female,https://d30sy8gjh472q7.cloudfront.net/Custom/Content/Products/27/24/272492_blusa-manga-long-362001866_z1_639083051940427544.webp,,Skazi,Skazi,SUPERIOR,UNDEFINED,SUPERIOR (F) ,true,,PP|P|M|G|GG,adult,adult,,clothes,,,,,0.0,BR,false,,PP|P|M|G|GG
macacao ombro drapeado,https://shop.skazioficial.com/288102,female,female,https://d30sy8gjh472q7.cloudfront.net/Custom/Content/Products/28/81/288102_macacao-ombro-drapeado-542001240_z1_639083737609055882.webp,288102,Skazi,Skazi,CORPO TODO,UNDEFINED,CORPO TODO (F),true,,PP|P|M|G,adult,adult,,clothes,,,,,0.0,BR,false,,PP|P|M|G
blusa bata cashmere,https://shop.skazioficial.com/285106,female,female,https://d30sy8gjh472q7.cloudfront.net/Custom/Content/Products/28/51/285106_blusa-bata-cashmere-362001977_z1_639083746163046312.webp,285106,Skazi,Skazi,SUPERIOR,UNDEFINED,SUPERIOR (F) ,true,,PP|P|M|G,adult,adult,,clothes,,,,,0.0,BR,false,,PP|P|M|G
vestido curto tricot  ombro so,https://shop.skazioficial.com/280505,female,female,https://d30sy8gjh472q7.cloudfront.net/Custom/Content/Products/28/05/280505_vestido-curto-tricot-ombro-so-442005542_z4_639079068345275121.webp,280505,Skazi,Skazi,TRICOT,UNDEFINED,TRICOT (F),true,,PP|P|M|G|GG,adult,adult,,clothes,,,,,0.0,BR,false,,PP|P|M|G|GG
vestido curto mangas bufantes,https://shop.skazioficial.com/280560,female,female,https://d30sy8gjh472q7.cloudfront.net/Custom/Content/Products/28/05/280560_vestido-curto-mangas-bufantes-442005575_z1_639083783806723512.webp,280560,Skazi,Skazi,CORPO TODO,UNDEFINED,CORPO TODO (F),true,,PP|P|M|G|GG,adult,adult,,clothes,,,,,0.0,BR,false,,PP|P|M|G|GG
vestido curto sobreposicao assimetrica,https://shop.skazioficial.com/285157,female,female,https://d30sy8gjh472q7.cloudfront.net/Custom/Content/Products/28/51/285157_vestido-curto-sobreposicao-assimetrica-442005656_z1_639083748728498307.webp,285157,Skazi,Skazi,CORPO TODO,UNDEFINED,CORPO TODO (F),true,,PP|P|M|G,adult,adult,,clothes,,,,,0.0,BR,false,,PP|P|M|G
conjunto top bordado e saia midi,https://shop.skazioficial.com/288109,female,female,https://d30sy8gjh472q7.cloudfront.net/Custom/Content/Products/28/81/288109_conjunto-top-bordado-e-saia-midi-2222001510_z1_639083737958523495.webp,288109,Skazi,Skazi,INFERIOR,UNDEFINED,INFERIOR (F) ,true,,PP|P|M|G,adult,adult,,clothes,,,,,0.0,BR,false,,PP|P|M|G
conjunto crepe fluido,https://shop.skazioficial.com/283921,female,female,https://d30sy8gjh472q7.cloudfront.net/Custom/Content/Products/28/39/283921_conjunto-crepe-fluido-2222001465_z1_639083766562018320.webp,283921,Skazi,Skazi,CORPO TODO,UNDEFINED,CORPO TODO (F),true,,PP|P|M|G,adult,adult,,clothes,,,,,0.0,BR,false,,PP|P|M|G
camiseta detalhe bolso,https://shop.skazioficial.com/289202,female,female,https://d30sy8gjh472q7.cloudfront.net/Custom/Content/Products/28/92/289202_camiseta-detalhe-bolso-362002026_z7_639083729904409898.webp,289202,Skazi,Skazi,UNDEFINED,UNDEFINED,,true,,PP|P|M|G,adult,adult,,,,,,,0.0,BR,false,,
vestido curto em renda floral 3d,https://shop.skazioficial.com/289218,female,female,https://d30sy8gjh472q7.cloudfront.net/Custom/Content/Products/28/92/289218_vestido-curto-em-renda-floral-3d-442005814_z1_639083731268071473.webp,289218,Skazi,Skazi,CORPO TODO,UNDEFINED,CORPO TODO (F),true,,PP|P|M|G,adult,adult,,clothes,,,,,0.0,BR,false,,PP|P|M|G
vestido midi renda guipure,https://shop.skazioficial.com/286656,female,female,https://d30sy8gjh472q7.cloudfront.net/Custom/Content/Products/28/66/286656_vestido-midi-renda-guipure-442005647_z1_639083743625165014.webp,286656,Skazi,Skazi,CORPO TODO,UNDEFINED,CORPO TODO (F),true,,PP|P|M|G,adult,adult,,clothes,,,,,0.0,BR,false,,PP|P|M|G
conjunto blusa ombro a ombro c calca,https://shop.skazioficial.com/282797,female,female,https://d30sy8gjh472q7.cloudfront.net/Custom/Content/Products/28/27/282797_conjunto-blusa-ombro-a-ombro-c-calca-2222001452_z1_639083756320988699.webp,282797,Skazi,Skazi,INFERIOR,UNDEFINED,INFERIOR (F) ,true,,PP|P|M|G,adult,adult,,clothes,,,,,0.0,BR,false,,PP|P|M|G
vestido midi basque,https://shop.skazioficial.com/290836,female,female,https://d30sy8gjh472q7.cloudfront.net/Custom/Content/Products/29/08/290836_vestido-midi-basque-442005828_z3_639076288041124946.webp,290836,Skazi,Skazi,CORPO TODO,UNDEFINED,CORPO TODO (F),true,,PP|P|M|G,adult,adult,,clothes,,,,,0.0,BR,false,,PP|P|M|G
calca jeans wide leg,https://shop.skazioficial.com/290760,female,female,https://d30sy8gjh472q7.cloudfront.net/Custom/Content/Products/29/07/290760_calca-jeans-wide-leg-22001355_z1_639083718569640252.webp,290760,Skazi,Skazi,INFERIOR,UNDEFINED,INFERIOR (F) ,true,,36|38|40|42,adult,adult,,clothes,,,,,0.0,BR,false,,36|38|40|42
calca pantalona alfaiataria mescla,https://shop.skazioficial.com/289171,female,female,https://d30sy8gjh472q7.cloudfront.net/Custom/Content/Products/28/91/289171_calca-pantalona-alfaiataria-mescla-22001351_z1_639083727288677489.webp,289171,Skazi,Skazi,INFERIOR,UNDEFINED,INFERIOR (F) ,true,,PP|P|M|G,adult,adult,,clothes,,,,,0.0,BR,false,,PP|P|M|G
vestido maxi midi frente unica,https://shop.skazioficial.com/286636,female,female,https://d30sy8gjh472q7.cloudfront.net/Custom/Content/Products/28/66/286636_vestido-maxi-midi-frente-unica-442005639_z1_639083742210094755.webp,286636,Skazi,Skazi,CORPO TODO,UNDEFINED,CORPO TODO (F),true,,PP|P|M|G,adult,adult,,clothes,,,,,0.0,BR,false,,PP|P|M|G
calca barrel jeans,https://shop.skazioficial.com/285095,female,female,https://d30sy8gjh472q7.cloudfront.net/Custom/Content/Products/28/50/285095_calca-barrel-jeans-22001330_z1_639083745872314638.webp,285095,Skazi,Skazi,INFERIOR,UNDEFINED,INFERIOR (F) ,true,,36|38|40|42|44,adult,adult,,clothes,,,,,0.0,BR,false,,36|38|40|42|44
blusa tule renda,https://shop.skazioficial.com/290806,female,female,https://d30sy8gjh472q7.cloudfront.net/Custom/Content/Products/29/08/290806_blusa-tule-renda-362002032_z1_639083721467201005.webp,290806,Skazi,Skazi,SUPERIOR,UNDEFINED,SUPERIOR (F) ,true,,PP|P|M|G,adult,adult,,clothes,,,,,0.0,BR,false,,PP|P|M|G
conjunto top e calca detalhe gota,https://shop.skazioficial.com/280634,female,female,https://d30sy8gjh472q7.cloudfront.net/Custom/Content/Products/28/06/280634_conjunto-top-e-calca-detalhe-gota-2222001417_z1_639083785986000783.webp,280634,Skazi,Skazi,INFERIOR,UNDEFINED,INFERIOR (F) ,true,,PP|P|M|G|GG,adult,adult,,clothes,,,,,0.0,BR,false,,PP|P|M|G|GG
calca palazzo,https://shop.skazioficial.com/280149,female,female,https://d30sy8gjh472q7.cloudfront.net/Custom/Content/Products/28/01/280149_calca-palazzo-22001318_z1_639083772850235712.webp,280149,Skazi,Skazi,INFERIOR,UNDEFINED,INFERIOR (F) ,true,,PP|P|M|G|GG,adult,adult,,clothes,,,,,0.0,BR,false,,PP|P|M|G|GG
blusa detalhe em renda,https://shop.skazioficial.com/290799,female,female,https://d30sy8gjh472q7.cloudfront.net/Custom/Content/Products/29/07/290799_blusa-detalhe-em-renda-362002028_z1_639083720792458399.webp,290799,Skazi,Skazi,SUPERIOR,UNDEFINED,SUPERIOR (F) ,true,,PP|P|M|G,adult,adult,,clothes,,,,,0.0,BR,false,,PP|P|M|G
macacao recortes,https://shop.skazioficial.com/284424,female,female,https://d30sy8gjh472q7.cloudfront.net/Custom/Content/Products/28/44/284424_macacao-recortes-542001220_z1_639083764264155319.webp,284424,Skazi,Skazi,CORPO TODO,UNDEFINED,CORPO TODO (F),true,,PP|P|M|G,adult,adult,,clothes,,,,,0.0,BR,false,,PP|P|M|G
conjunto blusa e saia estampa,https://shop.skazioficial.com/280655,female,female,https://d30sy8gjh472q7.cloudfront.net/Custom/Content/Products/28/06/280655_conjunto-blusa-e-saia-estampa-2222001427_z1_639083786478498611.webp,280655,Skazi,Skazi,INFERIOR,UNDEFINED,INFERIOR (F) ,true,,PP|P|M|G|GG,adult,adult,,clothes,,,,,0.0,BR,false,,PP|P|M|G|GG
vestido maxi midi em camadas,https://shop.skazioficial.com/286629,female,female,https://d30sy8gjh472q7.cloudfront.net/Custom/Content/Products/28/66/286629_vestido-maxi-midi-em-camadas-442005636_z1_639083742027575872.webp,286629,Skazi,Skazi,CORPO TODO,UNDEFINED,CORPO TODO (F),true,,PP|P|M|G,adult,adult,,clothes,,,,,0.0,BR,false,,PP|P|M|G
vestido curto drapeado,https://shop.skazioficial.com/290839,female,female,https://d30sy8gjh472q7.cloudfront.net/Custom/Content/Products/29/08/290839_vestido-curto-drapeado-442005832_z1_639083724484954947.webp,290839,Skazi,Skazi,CORPO TODO,UNDEFINED,CORPO TODO (F),true,,PP|P|M|G,adult,adult,,clothes,,,,,0.0,BR,false,,PP|P|M|G
conjunto utilitario,https://shop.skazioficial.com/289258,female,female,https://d30sy8gjh472q7.cloudfront.net/Custom/Content/Products/28/92/289258_conjunto-utilitario-2222001540_z1_639083734404536727.webp,289258,Skazi,Skazi,CORPO TODO,UNDEFINED,CORPO TODO (F),true,,PP|P|M|G,adult,adult,,clothes,,,,,0.0,BR,false,,PP|P|M|G
blazer alfaitaria bolsos,https://shop.skazioficial.com/281114,female,female,https://d30sy8gjh472q7.cloudfront.net/Custom/Content/Products/28/11/281114_blazer-alfaitaria-bolsos-582000147_z4_639083771762736427.webp,281114,Skazi,Skazi,UNDEFINED,UNDEFINED,,true,,PP|P|M|G,adult,adult,,,,,,,0.0,BR,false,,
vestido longo bicolor,https://shop.skazioficial.com/287662,female,female,https://d30sy8gjh472q7.cloudfront.net/Custom/Content/Products/28/76/287662_vestido-longo-bicolor-442005774_z6_639083717744296916.webp,287662,Skazi,Skazi,CORPO TODO,UNDEFINED,CORPO TODO (F),true,,PP|P|M|G|GG,adult,adult,,clothes,,,,,0.0,BR,false,,PP|P|M|G|GG
blazer dress,https://shop.skazioficial.com/290206,female,female,https://d30sy8gjh472q7.cloudfront.net/Custom/Content/Products/29/02/290206_blazer-dress-582000156_z1_639083732811680476.webp,290206,Skazi,Skazi,UNDEFINED,UNDEFINED,,true,,PP|P|M|G,adult,adult,,,,,,,0.0,BR,false,,
calca alfaiataria bolsos lapela,https://shop.skazioficial.com/285101,female,female,https://d30sy8gjh472q7.cloudfront.net/Custom/Content/Products/28/51/285101_calca-alfaiataria-bolsos-lapela-22001333_z1_639083746048282320.webp,285101,Skazi,Skazi,INFERIOR,UNDEFINED,INFERIOR (F) ,true,,PP|P|M|G,adult,adult,,clothes,,,,,0.0,BR,false,,PP|P|M|G
vestido maxi midi laco,https://shop.skazioficial.com/285119,female,female,https://d30sy8gjh472q7.cloudfront.net/Custom/Content/Products/28/51/285119_vestido-maxi-midi-laco-442005614_z1_639083746888739515.webp,285119,Skazi,Skazi,CORPO TODO,UNDEFINED,CORPO TODO (F),true,,PP|P|M|G,adult,adult,,clothes,,,,,0.0,BR,false,,PP|P|M|G
macacao drapeado assimetrico,https://shop.skazioficial.com/286670,female,female,https://d30sy8gjh472q7.cloudfront.net/Custom/Content/Products/28/66/286670_macacao-drapeado-assimetrico-542001229_z1_639083744617189140.webp,286670,Skazi,Skazi,TRICOT,UNDEFINED,TRICOT (F),true,,PP|P|M|G,adult,adult,,clothes,,,,,0.0,BR,false,,PP|P|M|G
vestido curto em renda guipure,https://shop.skazioficial.com/286651,female,female,https://d30sy8gjh472q7.cloudfront.net/Custom/Content/Products/28/66/286651_vestido-curto-em-renda-guipure-442005646_z1_639083743445234354.webp,286651,Skazi,Skazi,CORPO TODO,UNDEFINED,CORPO TODO (F),true,,PP|P|M|G,adult,adult,,clothes,,,,,0.0,BR,false,,PP|P|M|G
vestido curto tela flores,https://shop.skazioficial.com/288053,female,female,https://d30sy8gjh472q7.cloudfront.net/Custom/Content/Products/28/80/288053_vestido-curto-tela-flores-442005676_z1_639083735344466189.webp,288053,Skazi,Skazi,CORPO TODO,UNDEFINED,CORPO TODO (F),true,,PP|P|M|G,adult,adult,,clothes,,,,,0.0,BR,false,,PP|P|M|G
vestido curto ombro so,https://shop.skazioficial.com/285186,female,female,https://d30sy8gjh472q7.cloudfront.net/Custom/Content/Products/28/51/285186_vestido-curto-ombro-so-442005665_z1_639083750298200483.webp,285186,Skazi,Skazi,CORPO TODO,UNDEFINED,CORPO TODO (F),true,,PP|P|M|G,adult,adult,,clothes,,,,,0.0,BR,false,,PP|P|M|G
blusa babados amarracao,https://shop.skazioficial.com/282707,female,female,https://d30sy8gjh472q7.cloudfront.net/Custom/Content/Products/28/27/282707_blusa-babados-amarracao-362001956_z1_639083751719823912.webp,282707,Skazi,Skazi,SUPERIOR,UNDEFINED,SUPERIOR (F) ,true,,PP|P|M|G,adult,adult,,clothes,,,,,0.0,BR,false,,PP|P|M|G
calca jeans cargo urban,https://shop.skazioficial.com/290765,female,female,https://d30sy8gjh472q7.cloudfront.net/Custom/Content/Products/29/07/290765_calca-jeans-cargo-urban-22001356_z1_639083718831921825.webp,290765,Skazi,Skazi,INFERIOR,UNDEFINED,INFERIOR (F) ,true,,36|38|40|42,adult,adult,,clothes,,,,,0.0,BR,false,,36|38|40|42
vestido longo cut out,https://shop.skazioficial.com/288054,female,female,https://d30sy8gjh472q7.cloudfront.net/Custom/Content/Products/28/80/288054_vestido-longo-cut-out-442005680_z1_639083735515797723.webp,288054,Skazi,Skazi,CORPO TODO,UNDEFINED,CORPO TODO (F),true,,PP|P|M|G,adult,adult,,clothes,,,,,0.0,BR,false,,PP|P|M|G
vestido midi babado,https://shop.skazioficial.com/286619,female,female,https://d30sy8gjh472q7.cloudfront.net/Custom/Content/Products/28/66/286619_vestido-midi-babado-442005634_z4_639051176616246046.webp,286619,Skazi,Skazi,CORPO TODO,UNDEFINED,CORPO TODO (F),true,,PP|P|M|G,adult,adult,,clothes,,,,,0.0,BR,false,,PP|P|M|G
conjunto camisa detalhes vazados e shorts,https://shop.skazioficial.com/285187,female,female,https://d30sy8gjh472q7.cloudfront.net/Custom/Content/Products/28/51/285187_conjunto-camisa-detalhes-vazados-e-shorts-2222001466_z1_639083750492700794.webp,285187,Skazi,Skazi,INFERIOR,UNDEFINED,INFERIOR (F) ,true,,PP|P|M|G,adult,adult,,clothes,,,,,0.0,BR,false,,PP|P|M|G
top em tricot,https://shop.skazioficial.com/286668,female,female,https://d30sy8gjh472q7.cloudfront.net/Custom/Content/Products/28/66/286668_top-em-tricot-462000581_z1_639083744308971012.webp,286668,Skazi,Skazi,TRICOT,UNDEFINED,TRICOT (F),true,,PP|P|M|G,adult,adult,,clothes,,,,,0.0,BR,false,,PP|P|M|G
casaco trench colete,https://shop.skazioficial.com/290855,female,female,https://d30sy8gjh472q7.cloudfront.net/Custom/Content/Products/29/08/290855_casaco-trench-colete-482000546_z1_639083725344256243.webp,290855,Skazi,Skazi,UNDEFINED,UNDEFINED,,true,,PP|P|M|G,adult,adult,,,,,,,0.0,BR,false,,
macacao ballon,https://shop.skazioficial.com/290870,female,female,https://d30sy8gjh472q7.cloudfront.net/Custom/Content/Products/29/08/290870_macacao-ballon-542001251_z1_639083725949667372.webp,290870,Skazi,Skazi,CORPO TODO,UNDEFINED,CORPO TODO (F),true,,PP|P|M|G,adult,adult,,clothes,,,,,0.0,BR,false,,PP|P|M|G
vestido midi aplicacao babados,https://shop.skazioficial.com/289212,female,female,https://d30sy8gjh472q7.cloudfront.net/Custom/Content/Products/28/92/289212_vestido-midi-aplicacao-babados-442005812_z1_639083730731276897.webp,289212,Skazi,Skazi,CORPO TODO,UNDEFINED,CORPO TODO (F),true,,PP|P|M|G,adult,adult,,clothes,,,,,0.0,BR,false,,PP|P|M|G
vestido midi lingerie,https://shop.skazioficial.com/290838,female,female,https://d30sy8gjh472q7.cloudfront.net/Custom/Content/Products/29/08/290838_vestido-midi-lingerie-442005831_z1_639083724272792688.webp,290838,Skazi,Skazi,CORPO TODO,UNDEFINED,CORPO TODO (F),true,,PP|P|M|G,adult,adult,,clothes,,,,,0.0,BR,false,,PP|P|M|G
vestido curto flor linho lurex,https://shop.skazioficial.com/283882,female,female,https://d30sy8gjh472q7.cloudfront.net/Custom/Content/Products/28/38/283882_vestido-curto-flor-linho-lurex-442005602_z1_639083762752633763.webp,283882,Skazi,Skazi,CORPO TODO,UNDEFINED,CORPO TODO (F),true,,PP|P|M|G,adult,adult,,clothes,,,,,0.0,BR,false,,PP|P|M|G
vestido estampa sicilia,https://shop.skazioficial.com/285130,female,female,https://d30sy8gjh472q7.cloudfront.net/Custom/Content/Products/28/51/285130_vestido-estampa-sicilia-442005617_z1_639083747419617673.webp,285130,Skazi,Skazi,CORPO TODO,UNDEFINED,CORPO TODO (F),true,,PP|P|M|G,adult,adult,,clothes,,,,,0.0,BR,false,,PP|P|M|G
vestido midi alcas barrado,https://shop.skazioficial.com/286062,female,female,https://d30sy8gjh472q7.cloudfront.net/Custom/Content/Products/28/60/286062_vestido-midi-alcas-barrado-442005448_z1_639083791243973065.webp,286062,Skazi,Skazi,CORPO TODO,UNDEFINED,CORPO TODO (F),true,,PP|P|M|G,adult,adult,,clothes,,,,,0.0,BR,false,,PP|P|M|G
vestido curto com aplicacao de flores,https://shop.skazioficial.com/285136,female,female,https://d30sy8gjh472q7.cloudfront.net/Custom/Content/Products/28/51/285136_vestido-curto-com-aplicacao-de-flores-442005619_z1_639083747855318851.webp,285136,Skazi,Skazi,CORPO TODO,UNDEFINED,CORPO TODO (F),true,,PP|P|M|G,adult,adult,,clothes,,,,,0.0,BR,false,,PP|P|M|G
vestido maxi midi bordado,https://shop.skazioficial.com/286649,female,female,https://d30sy8gjh472q7.cloudfront.net/Custom/Content/Products/28/66/286649_vestido-maxi-midi-bordado-442005644_z1_639083743107455494.webp,286649,Skazi,Skazi,CORPO TODO,UNDEFINED,CORPO TODO (F),true,,PP|P|M|G,adult,adult,,clothes,,,,,0.0,BR,false,,PP|P|M|G
vestido maxi midi bordado folhas,https://shop.skazioficial.com/286650,female,female,https://d30sy8gjh472q7.cloudfront.net/Custom/Content/Products/28/66/286650_vestido-maxi-midi-bordado-folhas-442005645_z1_639083743263781348.webp,286650,Skazi,Skazi,CORPO TODO,UNDEFINED,CORPO TODO (F),true,,PP|P|M|G,adult,adult,,clothes,,,,,0.0,BR,false,,PP|P|M|G
vestido midi decote vazado,https://shop.skazioficial.com/285152,female,female,https://d30sy8gjh472q7.cloudfront.net/Custom/Content/Products/28/51/285152_vestido-midi-decote-vazado-442005655_z1_639083748547666086.webp,285152,Skazi,Skazi,CORPO TODO,UNDEFINED,CORPO TODO (F),true,,PP|P|M|G,adult,adult,,clothes,,,,,0.0,BR,false,,PP|P|M|G
vestido longo plissado gola alta,https://shop.skazioficial.com/253027,female,female,https://d30sy8gjh472q7.cloudfront.net/Custom/Content/Products/25/30/253027_vestido-longo-plissado-gola-alta-442039695_z1_639083177679367568.webp,253027,Skazi,Skazi,CORPO TODO,UNDEFINED,CORPO TODO (F),true,,PP|P|M|G|GG,adult,adult,,clothes,,,,,0.0,BR,false,,PP|P|M|G|GG
vestido mini jersey,https://shop.skazioficial.com/288096,female,female,https://d30sy8gjh472q7.cloudfront.net/Custom/Content/Products/28/80/288096_vestido-mini-jersey-442005755_z1_639083737274610628.webp,288096,Skazi,Skazi,CORPO TODO,UNDEFINED,CORPO TODO (F),true,,PP|P|M|G,adult,adult,,clothes,,,,,0.0,BR,false,,PP|P|M|G
vestido midi etnica,https://shop.skazioficial.com/277603,female,female,https://d30sy8gjh472q7.cloudfront.net/Custom/Content/Products/27/76/277603_vestido-midi-etnica-442005433_z1_639083789968336976.webp,277603,Skazi,Skazi,CORPO TODO,UNDEFINED,CORPO TODO (F),true,,PP|P|M|G,adult,adult,,clothes,,,,,0.0,BR,false,,PP|P|M|G
vestido midi em renda floral 3d,https://shop.skazioficial.com/289217,female,female,https://d30sy8gjh472q7.cloudfront.net/Custom/Content/Products/28/92/289217_vestido-midi-em-renda-floral-3d-442005813_z1_639083730991810437.webp,289217,Skazi,Skazi,CORPO TODO,UNDEFINED,CORPO TODO (F),true,,PP|P|M|G,adult,adult,,clothes,,,,,0.0,BR,false,,PP|P|M|G
vestido midi guipir,https://shop.skazioficial.com/282647,female,female,https://d30sy8gjh472q7.cloudfront.net/Custom/Content/Products/28/26/282647_vestido-midi-guipir-442005563_z1_639083752893997405.webp,282647,Skazi,Skazi,CORPO TODO,UNDEFINED,CORPO TODO (F),true,,PP|P|M|G,adult,adult,,clothes,,,,,0.0,BR,false,,PP|P|M|G
vestido midi aplicacoes 3d,https://shop.skazioficial.com/286638,female,female,https://d30sy8gjh472q7.cloudfront.net/Custom/Content/Products/28/66/286638_vestido-midi-aplicacoes-3d-442005641_z1_639083742619943080.webp,286638,Skazi,Skazi,CORPO TODO,UNDEFINED,CORPO TODO (F),true,,PP|P|M|G,adult,adult,,clothes,,,,,0.0,BR,false,,PP|P|M|G
blusa floral 3d,https://shop.skazioficial.com/289200,female,female,https://d30sy8gjh472q7.cloudfront.net/Custom/Content/Products/28/92/289200_blusa-floral-3d-362002024_z1_639083729098948478.webp,289200,Skazi,Skazi,SUPERIOR,UNDEFINED,SUPERIOR (F) ,true,,PP|P|M|G,adult,adult,,clothes,,,,,0.0,BR,false,,PP|P|M|G
vestido longo franzido gold,https://shop.skazioficial.com/288045,female,female,https://d30sy8gjh472q7.cloudfront.net/Custom/Content/Products/28/80/288045_vestido-longo-franzido-gold-442005668_z3_639077046547180188.webp,288045,Skazi,Skazi,CORPO TODO,UNDEFINED,CORPO TODO (F),true,,PP|P|M|G,adult,adult,,clothes,,,,,0.0,BR,false,,PP|P|M|G
saia balone em tweed,https://shop.skazioficial.com/287463,female,female,https://d30sy8gjh472q7.cloudfront.net/Custom/Content/Products/28/74/287463_saia-balone-em-tweed-82001507_z1_639083717451871327.webp,287463,Skazi,Skazi,INFERIOR,UNDEFINED,INFERIOR (F) ,true,,PP|P|M|G|GG,adult,adult,,clothes,,,,,0.0,BR,false,,PP|P|M|G|GG
vestido curto balone risca de giz,https://shop.skazioficial.com/290817,female,female,https://d30sy8gjh472q7.cloudfront.net/Custom/Content/Products/29/08/290817_vestido-curto-balone-risca-de-giz-442005819_z1_639083722239336202.webp,290817,Skazi,Skazi,CORPO TODO,UNDEFINED,CORPO TODO (F),true,,PP|P|M|G,adult,adult,,clothes,,,,,0.0,BR,false,,PP|P|M|G
vestido maxi midi ombro so franzido,https://shop.skazioficial.com/288044,female,female,https://d30sy8gjh472q7.cloudfront.net/Custom/Content/Products/28/80/288044_vestido-maxi-midi-ombro-so-franzido-442005667_z3_639077044927261361.webp,288044,Skazi,Skazi,CORPO TODO,UNDEFINED,CORPO TODO (F),true,,PP|P|M|G,adult,adult,,clothes,,,,,0.0,BR,false,,PP|P|M|G
calca barril,https://shop.skazioficial.com/290770,female,female,https://d30sy8gjh472q7.cloudfront.net/Custom/Content/Products/29/07/290770_calca-barril-22001357_z1_639083719053794965.webp,290770,Skazi,Skazi,INFERIOR,UNDEFINED,INFERIOR (F) ,true,,PP|P|M|G,adult,adult,,clothes,,,,,0.0,BR,false,,PP|P|M|G
vestido longo entremeios renda,https://shop.skazioficial.com/288060,female,female,https://d30sy8gjh472q7.cloudfront.net/Custom/Content/Products/28/80/288060_vestido-longo-entremeios-renda-442005683_z1_639083735858329361.webp,288060,Skazi,Skazi,CORPO TODO,UNDEFINED,CORPO TODO (F),true,,PP|P|M|G,adult,adult,,clothes,,,,,0.0,BR,false,,PP|P|M|G
vestido curto renda bordada,https://shop.skazioficial.com/282742,female,female,https://d30sy8gjh472q7.cloudfront.net/Custom/Content/Products/28/27/282742_vestido-curto-renda-bordada-442005566_z1_639083753477193674.webp,282742,Skazi,Skazi,CORPO TODO,UNDEFINED,CORPO TODO (F),true,,PP|P|M|G,adult,adult,,clothes,,,,,0.0,BR,false,,PP|P|M|G
vestido midi renda drapeado,https://shop.skazioficial.com/290844,female,female,https://d30sy8gjh472q7.cloudfront.net/Custom/Content/Products/29/08/290844_vestido-midi-renda-drapeado-442005833_z1_639083724725873631.webp,290844,Skazi,Skazi,CORPO TODO,UNDEFINED,CORPO TODO (F),true,,PP|P|M|G,adult,adult,,clothes,,,,,0.0,BR,false,,PP|P|M|G
blusa echarpe gola alta,https://shop.skazioficial.com/283860,female,female,https://d30sy8gjh472q7.cloudfront.net/Custom/Content/Products/28/38/283860_blusa-echarpe-gola-alta-362001981_z1_639083760633344257.webp,283860,Skazi,Skazi,SUPERIOR,UNDEFINED,SUPERIOR (F) ,true,,PP|P|M|G,adult,adult,,clothes,,,,,0.0,BR,false,,PP|P|M|G
vestido tomara que caia bordado floral,https://shop.skazioficial.com/285146,female,female,https://d30sy8gjh472q7.cloudfront.net/Custom/Content/Products/28/51/285146_vestido-tomara-que-caia-bordado-floral-442005653_z1_639083748215001367.webp,285146,Skazi,Skazi,CORPO TODO,UNDEFINED,CORPO TODO (F),true,,PP|P|M|G,adult,adult,,clothes,,,,,0.0,BR,false,,PP|P|M|G
